merchant_id,mcc,merchant_city,merchant_state,zip
274,5912,Federal Way,WA,98003.0
568,5813,San Antonio,TX,78222.0
628,5411,Edmond,OK,73034.0
780,5621,Stanford,KY,40484.0
953,7011,Buhl,ID,83316.0
964,5812,Canmer,KY,42722.0
1108,5812,Tamms,IL,62988.0
1238,7393,Fayetteville,AR,72703.0
1240,5812,Warner Robins,GA,31093.0
1344,5411,Toutle,WA,98649.0
1493,5912,Yorkshire,OH,45388.0
1620,5813,Durham,NC,27703.0
1834,8021,Stanford,KY,40484.0
1870,7538,New Hope,KY,40052.0
2135,7832,Tacoma,WA,98406.0
2177,5411,La Villa,TX,78562.0
2177,5411,Corpus Christi,TX,78469.0
2177,5411,Everett,WA,98208.0
2177,5411,Ferguson,KY,42533.0
2195,7538,Orlando,FL,32855.0
2276,7538,Orlando,FL,32839.0
2310,7538,Shreveport,LA,71115.0
2594,5812,Keyes,CA,95328.0
2703,5814,London,United Kingdom,
2716,5651,Mission,TX,78572.0
3344,5661,Federal Way,WA,98003.0
3469,5411,Concord,MA,1742.0
3558,3640,Concord,NC,28027.0
3558,3640,Encinitas,CA,92023.0
3558,3640,Collinsville,VA,24078.0
3558,3640,Goshen,IN,46526.0
3558,3640,Dulles,VA,20189.0
3558,3640,Chicago,IL,60640.0
3558,3640,Montreal,Canada,
3558,3640,Terre Haute,IN,47802.0
3558,3640,Prosser,WA,99350.0
3558,3640,Jacksonville,FL,32217.0
3558,3640,Orlando,FL,32809.0
3558,3640,Tokyo,Japan,
3558,3640,Bloomington,IN,47404.0
3558,3640,Quincy,MA,2169.0
3558,3640,Puyallup,WA,98373.0
3558,3640,Barnhart,MO,63012.0
3558,3640,Brooklyn,NY,11226.0
3558,3640,Newbury Park,CA,91320.0
3558,3640,Kent,WA,98042.0
4278,5912,Oakland,OR,97462.0
4312,5411,Miami,FL,33175.0
4439,5651,Columbiana,AL,35051.0
4439,5651,Bronx,NY,10466.0
4541,5812,Pelham,AL,35124.0
4802,4899,ONLINE,,
5114,7531,Bronx,NY,10460.0
5343,7549,Stanford,KY,40484.0
5490,5411,Cheyenne,WY,82009.0
5518,5621,Bronx,NY,10460.0
5590,5651,Miami,FL,33175.0
5594,3001,Pharr,TX,78577.0
5594,3001,Glasgow,KY,42141.0
5594,3001,Fort Lauderdale,FL,33316.0
5796,5921,Saint Louis,MO,63131.0
5855,5812,Matteson,IL,60443.0
5952,5813,Port au Prince,Haiti,
5978,5411,Orlando,FL,32809.0
6001,5411,Orlando,FL,32839.0
6016,5411,New Hope,KY,40052.0
6063,4511,ONLINE,,
6076,5912,Shreveport,LA,71108.0
6284,5812,Hartsville,TN,37074.0
6306,5411,Kincaid,IL,62540.0
6477,7230,Stanford,KY,40484.0
6782,6300,Bronx,NY,10460.0
6881,5411,Clarendon,PA,16313.0
7174,4900,Louisville,KY,40228.0
7257,3260,Hoonah,AK,99829.0
7257,3260,Paducah,KY,42001.0
7257,3260,Fort Lauderdale,FL,33308.0
7257,3260,Del Valle,TX,78617.0
7750,7832,Dublin,OH,43016.0
7777,3684,Maple Valley,WA,98038.0
7777,3684,Anna,IL,62906.0
7777,3684,Boulder,CO,80305.0
7777,3684,White Plains,NY,10603.0
7777,3684,Pinckney,MI,48169.0
7777,3684,Burton,MI,48509.0
7777,3684,Englishtown,NJ,7726.0
7777,3684,Waynesboro,PA,17268.0
7777,3684,London,United Kingdom,
7777,3684,Peoria,IL,61604.0
7777,3684,Milton,MA,2186.0
7777,3684,Gilroy,CA,95020.0
7777,3684,Jacksonville,FL,32257.0
7777,3684,Scottsdale,AZ,85260.0
7777,3684,Columbus,OH,43206.0
7777,3684,Tarawa Terrace,NC,28543.0
7777,3684,Rudy,AR,72952.0
7777,3684,Plant City,FL,33567.0
8075,4900,Pendleton,KY,40055.0
8099,8049,Tyner,KY,40486.0
8134,8041,Miami,FL,33175.0
8270,5300,Stanford,KY,40484.0
8388,7011,Marietta,GA,30064.0
8592,5813,Austin,TX,78701.0
8665,5813,Port Charlotte,FL,33952.0
8824,5912,Palm Harbor,FL,34683.0
8987,5411,Dallas,TX,75201.0
9072,5411,Portland,OR,97229.0
9307,5411,Hartsville,TN,37074.0
9391,5813,Rome,Italy,
9447,5912,Stanford,KY,40484.0
9634,5812,Las Vegas,NV,89183.0
9932,5311,ONLINE,,
9986,5411,Sanford,FL,32771.0
10136,5651,Orlando,FL,32809.0
10250,5411,Wilkeson,WA,98396.0
10300,5812,Lock Haven,PA,17745.0
10432,5655,Mission,TX,78572.0
10724,4111,Westminster,CO,80030.0
10774,4900,Stanford,KY,40484.0
10792,5411,Hilltown,PA,18927.0
11332,5310,College Point,NY,11356.0
11468,5970,Mission,TX,78574.0
11468,5970,Federal Way,WA,98003.0
11468,5970,Middletown,NY,10940.0
11468,5970,Erlanger,KY,41018.0
11468,5970,Miami,FL,33175.0
11468,5970,Rome,Italy,
11595,5411,Littleton,CO,80126.0
11606,5912,Rockport,TX,78382.0
11643,7538,Fort Lauderdale,FL,33307.0
11646,7011,Fort Wayne,IN,46807.0
11685,5411,Louisville,KY,40228.0
11722,6300,ONLINE,,
11878,7011,New York,NY,10069.0
11901,5300,Mission,TX,78572.0
12014,5814,Lawrence Township,NJ,8648.0
12014,5814,Hyden,KY,41749.0
12481,4900,Edmond,OK,73034.0
12547,5411,Hollywood,FL,33024.0
13000,5912,Corpus Christi,TX,78466.0
13154,4900,ONLINE,,
13343,5912,Scottsdale,AZ,85255.0
13348,4722,ONLINE,,
13482,7995,Matteson,IL,60443.0
13523,5310,Prospect,KY,40059.0
13523,5310,Lexington,KY,40502.0
13523,5310,Franklin,IL,62638.0
13646,7538,Nashville,TN,37217.0
13646,7538,Shepherdsville,KY,40165.0
13646,7538,Huntington,TX,75949.0
13646,7538,Orlando,FL,32825.0
13646,7538,Portland,OR,97230.0
13646,7538,Orlando,FL,32810.0
13646,7538,San Antonio,TX,78222.0
13646,7538,Princeton,NJ,8540.0
14003,5812,Charleston,SC,29403.0
14233,7538,Escondido,CA,92027.0
14241,5722,Bronx,NY,10460.0
14275,7538,Kincaid,IL,62540.0
14281,5094,Federal Way,WA,98003.0
14429,7538,Matteson,IL,60443.0
14451,5912,Mission,TX,78572.0
14474,5300,Andover,KS,67002.0
14528,5499,Orlando,FL,32872.0
14528,5499,Mission,TX,78572.0
14528,5499,Matteson,IL,60443.0
14528,5499,Zurich,Switzerland,
14528,5499,Savannah,MO,64485.0
14528,5499,Camden Wyoming,DE,19934.0
14528,5499,Stuart,FL,34994.0
14528,5499,Boonville,IN,47601.0
14528,5499,London,United Kingdom,
14528,5499,Belton,MO,64012.0
14528,5499,Fort Lauderdale,FL,33308.0
14528,5499,Moscow,Russia,
14528,5499,Shreveport,LA,71109.0
14528,5499,New York,NY,10016.0
14528,5499,New York,NY,10075.0
14528,5499,Honolulu,HI,96818.0
14528,5499,San Jose,CA,95124.0
14528,5499,San Ysidro,CA,92173.0
14528,5499,Petersburg,VA,23803.0
14528,5499,Savannah,GA,31406.0
14528,5499,Hilton Head Island,SC,29925.0
14528,5499,Great Falls,MT,59405.0
14528,5499,Palm Harbor,FL,34683.0
14528,5499,Charleston,SC,29407.0
14528,5499,West Covina,CA,91790.0
14528,5499,Boynton Beach,FL,33435.0
14528,5499,Ashland,OR,97520.0
14528,5499,Delhi,India,
15069,7538,La Crescenta,CA,91214.0
15426,3390,Harrison,AR,72601.0
15426,3390,Trenton,NJ,8610.0
15426,3390,Castro Valley,CA,94546.0
15426,3390,San Jose,CA,95125.0
15426,3390,O Fallon,MO,63366.0
15426,3390,Philadelphia,PA,19128.0
15426,3390,Orlando,FL,32825.0
15426,3390,Orlando,FL,32836.0
15426,3390,West Helena,AR,72390.0
15426,3390,Morris,IL,60450.0
15426,3390,Alburtis,PA,18011.0
15574,3393,Stockton,CA,95205.0
15574,3393,New York,NY,10069.0
15574,3393,Ramona,CA,92065.0
15574,3393,Trenton,NJ,8620.0
15574,3393,Big Bear City,CA,92314.0
15574,3393,Louisville,KY,40203.0
15574,3393,Canoga Park,CA,91303.0
15574,3393,Elk Grove Village,IL,60007.0
15574,3393,Lexington,KY,40503.0
15590,7832,Yonkers,NY,10701.0
15656,5411,Orlando,FL,32855.0
15705,7538,Orlando,FL,32837.0
15731,5813,Oakland Gardens,NY,11364.0
15733,5812,Saint John,WA,99171.0
15744,8041,Stanford,KY,40484.0
15791,5300,Portland,OR,97229.0
15837,8049,Bronx,NY,10460.0
16040,7210,Miami,FL,33175.0
16229,5192,ONLINE,,
16384,4900,Mission,TX,78572.0
16586,5947,Bronx,NY,10460.0
16639,5812,Bonners Ferry,ID,83805.0
16674,5921,Orlando,FL,32809.0
16790,3389,Moscow,Russia,
16790,3389,San Jose,CA,95125.0
16790,3389,Yucca Valley,CA,92284.0
16790,3389,Casper,WY,82609.0
16790,3389,Monroe Township,NJ,8831.0
16790,3389,Orlando,FL,32837.0
16790,3389,Hayden,ID,83835.0
16790,3389,Orlando,FL,32811.0
16790,3389,Saint Joseph,MO,64501.0
16790,3389,Pinetops,NC,27864.0
16790,3389,Lovelock,NV,89419.0
16790,3389,Saint Charles,MO,63301.0
16790,3389,Indianapolis,IN,46250.0
16798,4121,ONLINE,,
17028,7832,Washougal,WA,98671.0
17187,5733,Bronx,NY,10460.0
17213,6300,Mission,TX,78572.0
17220,5812,Chicago,IL,60637.0
17297,5812,Zurich,Switzerland,
17409,5813,La Joya,TX,78560.0
17480,5300,Stuart,FL,34994.0
17493,5812,Freeburg,PA,17827.0
17493,5812,Arab,AL,35016.0
17493,5812,West Palm Beach,FL,33411.0
17493,5812,San Diego,CA,92109.0
17493,5812,Seattle,WA,98166.0
17493,5812,Orlando,FL,32824.0
17493,5812,Bossier City,LA,71111.0
17493,5812,Federal Way,WA,98003.0
17493,5812,Sanford,FL,32771.0
17493,5812,La Grange,IL,60525.0
17493,5812,Los Angeles,CA,90018.0
17521,5300,Seattle,WA,98121.0
17690,7832,Shenandoah,PA,17976.0
17976,4900,ONLINE,,
18089,5310,Mission,TX,78572.0
18215,5719,Chatham,IL,62629.0
18215,5719,Louisville,KY,40242.0
18215,5719,Seattle,WA,98105.0
18215,5719,Paducah,KY,42001.0
18215,5719,ONLINE,,
18340,5310,Honolulu,HI,96818.0
18563,4121,ONLINE,,
18953,5812,Seattle,WA,98121.0
19033,7538,Labelle,FL,33935.0
19141,5651,Matteson,IL,60443.0
19187,7995,Louisville,KY,40218.0
19300,4111,Bronx,NY,10460.0
19363,4112,Miami,FL,33186.0
19363,4112,Philpot,KY,42366.0
19363,4112,Anacortes,WA,98221.0
19463,5733,Rome,Italy,
19756,7832,Palm Bay,FL,32905.0
19756,7832,Mukilteo,WA,98275.0
19756,7832,Orlando,FL,32825.0
19756,7832,Cleveland,TN,37312.0
19756,7832,Matteson,IL,60443.0
19756,7832,Springfield,OR,97477.0
19756,7832,San Diego,CA,92122.0
19756,7832,Palm Harbor,FL,34684.0
19756,7832,Mission,TX,78572.0
19756,7832,Seattle,WA,98126.0
19957,5812,Elma,WA,98541.0
19964,5311,Miami,FL,33175.0
19964,5311,Honolulu,HI,96818.0
19964,5311,Fallbrook,CA,92028.0
19964,5311,Hayward,CA,94544.0
19964,5311,Princeton,NJ,8540.0
19964,5311,Bronx,NY,10462.0
19964,5311,New York,NY,10019.0
20121,7538,Philadelphia,PA,19128.0
20217,5912,Durham,NC,27703.0
20519,5942,Minneapolis,MN,55449.0
20519,5942,San Benito,TX,78586.0
20519,5942,Kirkland,WA,98034.0
20519,5942,Nashville,TN,37212.0
20519,5942,Rigby,ID,83442.0
20519,5942,Seattle,WA,98198.0
20519,5942,Tacoma,WA,98406.0
20519,5942,Phoenix,AZ,85015.0
20519,5942,Yakima,WA,98902.0
20519,5942,Melbourne,FL,32901.0
20519,5942,Delray Beach,FL,33444.0
20519,5942,Spokane,WA,99212.0
20519,5942,Florence,SC,29501.0
20519,5942,Austin,TX,78750.0
20519,5942,Portland,OR,97236.0
20519,5942,Blue Springs,MO,64015.0
20519,5942,O Fallon,MO,63366.0
20519,5942,Indianapolis,IN,46234.0
20519,5942,Louisville,KY,40229.0
20519,5942,Matteson,IL,60443.0
20519,5942,Whitefish,MT,59937.0
20519,5942,Lexington,KY,40503.0
20519,5942,Fort Lauderdale,FL,33316.0
20519,5942,East Greenville,PA,18041.0
20519,5942,Washington,DC,20005.0
20519,5942,Hayward,CA,94544.0
20519,5942,London,United Kingdom,
20519,5942,Miami,FL,33193.0
20519,5942,Sedro Woolley,WA,98284.0
20519,5942,Denver,CO,80204.0
20519,5942,Bronx,NY,10464.0
20519,5942,Ashland,OR,97520.0
20519,5942,Spring Valley,CA,91977.0
20519,5942,Kissimmee,FL,34759.0
20519,5942,Zurich,Switzerland,
20519,5942,Naples,FL,34103.0
20561,5912,San Antonio,TX,78223.0
20561,5912,State College,PA,16801.0
20561,5912,Cliffside Park,NJ,7010.0
20561,5912,Littleton,CO,80126.0
20561,5912,Fort Myers,FL,33967.0
20561,5912,Oakridge,OR,97463.0
20561,5912,Fort Lauderdale,FL,33309.0
20561,5912,Ellensburg,WA,98926.0
20561,5912,Escondido,CA,92027.0
20561,5912,Alice,TX,78332.0
20561,5912,Shreveport,LA,71108.0
20561,5912,Mcallen,TX,78501.0
20561,5912,Stanberry,MO,64489.0
20561,5912,North Adams,MA,1247.0
20561,5912,Fort Wayne,IN,46809.0
20561,5912,Corpus Christi,TX,78418.0
20561,5912,Little Rock,AR,72205.0
20561,5912,Bolingbrook,IL,60440.0
20561,5912,Conway,AR,72034.0
20561,5912,Orlando,FL,32835.0
20561,5912,Schuylkill Haven,PA,17972.0
20561,5912,Great Falls,MT,59405.0
20561,5912,Furlong,PA,18925.0
20561,5912,Donna,TX,78537.0
20561,5912,La Crescenta,CA,91214.0
20561,5912,Conneaut Lake,PA,16316.0
20561,5912,Seattle,WA,98122.0
20561,5912,Bronx,NY,10460.0
20561,5912,San Jose,CA,95124.0
20561,5912,Gold Beach,OR,97444.0
20561,5912,Durham,NC,27703.0
20561,5912,Dry Prong,LA,71423.0
20561,5912,Arkansas City,KS,67005.0
20561,5912,Mission,TX,78572.0
20561,5912,Columbus,MS,39701.0
20561,5912,Honolulu,HI,96818.0
20561,5912,Wenatchee,WA,98801.0
20561,5912,Melbourne,FL,32901.0
20561,5912,Miami,FL,33175.0
20561,5912,Warsaw,NC,28398.0
20672,5812,Stanford,KY,40484.0
20751,5192,ONLINE,,
20884,5812,Plainsboro,NJ,8536.0
20909,5812,San Antonio,TX,78224.0
20916,5651,Fort Lauderdale,FL,33308.0
20916,5651,ONLINE,,
20916,5651,Mission,TX,78572.0
20952,5921,New Hope,KY,40052.0
21134,7011,Zurich,Switzerland,
21393,5655,New Hope,KY,40052.0
21652,5812,Lancaster,NY,14086.0
21776,5712,ONLINE,,
21795,7538,Atlanta,GA,30336.0
22010,5921,Schuylkill Haven,PA,17972.0
22204,5541,Thebes,IL,62990.0
22204,5541,San Diego,CA,92109.0
22204,5541,Dallas,TX,75201.0
22204,5541,San Antonio,TX,78228.0
22204,5541,Palm Harbor,FL,34683.0
22204,5541,Durham,NC,27703.0
22204,5541,Chicago,IL,60637.0
22204,5541,Middlebury,CT,6762.0
22204,5541,Nashville,TN,37209.0
22204,5541,Federal Way,WA,98003.0
22204,5541,Honolulu,HI,96818.0
22204,5541,Philadelphia,PA,19128.0
22204,5541,Matteson,IL,60443.0
22204,5541,Mission,TX,78572.0
22204,5541,Los Fresnos,TX,78566.0
22204,5541,Brooklyn,NY,11214.0
22204,5541,Stanford,KY,40484.0
22204,5541,Coeur D Alene,ID,83815.0
22204,5541,Pelham,AL,35124.0
22204,5541,Aransas Pass,TX,78336.0
22204,5541,Tokyo,Japan,
22204,5541,Montreal,Canada,
22204,5541,Delhi,India,
22204,5541,Wyandotte,MI,48192.0
22204,5541,Hayward,CA,94544.0
22373,7011,Oakland Gardens,NY,11364.0
22691,8099,Bronx,NY,10460.0
22696,5192,ONLINE,,
22792,8062,Birmingham,AL,35215.0
22792,8062,Kyle,TX,78640.0
22792,8062,Portland,OR,97219.0
22868,5411,Dobson,NC,27017.0
22938,5812,Minooka,IL,60447.0
22938,5812,Grampian,PA,16838.0
22948,5655,Stanford,KY,40484.0
23124,8043,Miami,FL,33175.0
23259,5211,Miami,FL,33175.0
23320,5300,Lancaster,NY,14086.0
23329,5193,ONLINE,,
23446,7801,ONLINE,,
23481,5812,Atlanta,GA,31139.0
23481,5812,Loxahatchee,FL,33470.0
23481,5812,London,United Kingdom,
23481,5812,Tokyo,Japan,
23481,5812,Chesterfield,MO,63005.0
23868,7832,Sanford,FL,32773.0
24106,5932,Tyner,KY,40486.0
24108,5912,Yakima,WA,98903.0
24130,5411,Zurich,Switzerland,
24439,7230,Miami,FL,33175.0
24504,4214,Miami,FL,33189.0
24504,4214,ONLINE,,
24761,7538,Mission,TX,78572.0
24781,5193,Federal Way,WA,98003.0
24792,5411,Federal Way,WA,98003.0
24823,7538,Manchester,KY,40962.0
24823,7538,Edmond,OK,73034.0
24823,7538,Corpus Christi,TX,78418.0
24823,7538,San Diego,CA,92109.0
24823,7538,Matteson,IL,60443.0
24823,7538,Mount Auburn,IL,62547.0
24823,7538,Palm Harbor,FL,34683.0
25100,7538,Plainsboro,NJ,8536.0
25228,5912,Clewiston,FL,33440.0
25250,5812,Minneapolis,MN,55445.0
25618,7542,Miami,FL,33175.0
25717,5812,Marion,IN,46952.0
25717,5812,La Crescenta,CA,91214.0
25717,5812,West Covina,CA,91790.0
25887,5814,West Covina,CA,91790.0
25887,5814,Chicago,IL,60637.0
25887,5814,San Diego,CA,92109.0
25887,5814,Indianapolis,IN,46231.0
25887,5814,Moscow,Russia,
25887,5814,Titusville,FL,32796.0
25887,5814,Philadelphia,PA,19124.0
25887,5814,San Antonio,TX,78228.0
25887,5814,Indianapolis,IN,46235.0
25887,5814,Minneapolis,MN,55445.0
25887,5814,Alpine,AL,35014.0
25887,5814,Seattle,WA,98121.0
25887,5814,North Adams,MA,1247.0
25887,5814,Crab Orchard,KY,40419.0
25887,5814,Charleston,SC,29403.0
25887,5814,Sanford,FL,32771.0
25887,5814,Brooklyn,NY,11214.0
25887,5814,Atlanta,GA,30337.0
25887,5814,Miami,FL,33175.0
25887,5814,Shreveport,LA,71108.0
25887,5814,Hueysville,KY,41640.0
25887,5814,Salvisa,KY,40372.0
25887,5814,Edmond,OK,73034.0
25887,5814,Elmwood,TN,38560.0
26080,5912,Montreal,Canada,
26118,5300,Orlando,FL,32824.0
26190,5812,Dobson,NC,27017.0
26389,7011,Mc Crory,AR,72101.0
26439,5411,Saint Louis,MO,63147.0
26810,5541,La Crescenta,CA,91214.0
26810,5541,Saint Louis,MO,63131.0
26810,5541,West Covina,CA,91790.0
26810,5541,Shenandoah,PA,17976.0
26810,5541,Titusville,FL,32796.0
26810,5541,Petersburg,VA,23803.0
26810,5541,Orlando,FL,32824.0
26810,5541,Orlando,FL,32814.0
26810,5541,Spokane,WA,99202.0
26810,5541,Hartsville,TN,37074.0
26831,5045,ONLINE,,
26909,5211,Bronx,NY,10461.0
26909,5211,Little Rock,AR,72223.0
26909,5211,Edmonds,WA,98020.0
27092,4829,Corona,CA,92880.0
27092,4829,Corpus Christi,TX,78412.0
27092,4829,Naples,FL,34110.0
27092,4829,Austin,TX,78702.0
27092,4829,Nacogdoches,TX,75963.0
27092,4829,Seattle,WA,98146.0
27092,4829,Lakewood,NJ,8701.0
27092,4829,Warren,PA,16365.0
27092,4829,Nashville,TN,37209.0
27092,4829,Portland,OR,97229.0
27092,4829,Bessemer,AL,35022.0
27092,4829,ONLINE,,
27092,4829,San Antonio,TX,78227.0
27092,4829,Orlando,FL,32839.0
27092,4829,Astoria,NY,11102.0
27092,4829,Monroe,LA,71203.0
27092,4829,San Antonio,TX,78259.0
27092,4829,Gillette,WY,82716.0
27092,4829,New Berlin,IL,62670.0
27092,4829,Montesano,WA,98563.0
27092,4829,Medford,OR,97501.0
27092,4829,Honolulu,HI,96819.0
27092,4829,Oakland Gardens,NY,11364.0
27092,4829,Kennewick,WA,99336.0
27092,4829,Guthrie,OK,73044.0
27092,4829,Lakeside,CA,92040.0
27092,4829,Malta,MT,59538.0
27092,4829,Miami,FL,33177.0
27092,4829,Meridian,ID,83642.0
27092,4829,Hornbeck,LA,71439.0
27092,4829,Clearwater,KS,67026.0
27092,4829,Garysburg,NC,27831.0
27092,4829,Cairo,GA,39828.0
27092,4829,West Palm Beach,FL,33411.0
27092,4829,Livermore,CA,94550.0
27092,4829,Groveland,FL,34736.0
27092,4829,Seattle,WA,98178.0
27092,4829,Bowling Green,KY,42103.0
27092,4829,Issaquah,WA,98027.0
27092,4829,Mc Rae,AR,72102.0
27092,4829,Easton,PA,18040.0
27092,4829,Banning,CA,92220.0
27092,4829,Norcross,GA,30071.0
27092,4829,Decatur,AL,35601.0
27092,4829,Tacoma,WA,98444.0
27092,4829,Hayden,ID,83835.0
27092,4829,Savannah,GA,31405.0
27092,4829,Bronx,NY,10473.0
27092,4829,Barbourville,KY,40906.0
27092,4829,Dayton,NV,89403.0
27092,4829,Marvell,AR,72366.0
27092,4829,Bellingham,WA,98226.0
27092,4829,Bellevue,WA,98006.0
27092,4829,Scottsdale,AZ,85255.0
27092,4829,Miami,FL,33125.0
27092,4829,Batesville,AR,72501.0
27092,4829,Lonoke,AR,72086.0
27092,4829,Leander,TX,78641.0
27092,4829,Minneapolis,MN,55448.0
27092,4829,Scarbro,WV,25917.0
27092,4829,Orland Park,IL,60462.0
27092,4829,Thousand Oaks,CA,91360.0
27092,4829,Mcallen,TX,78501.0
27136,5812,New York,NY,10014.0
27261,5411,Plainsboro,NJ,8536.0
27310,7349,ONLINE,,
27350,6300,ONLINE,,
27490,5813,Saint Louis,MO,63131.0
27601,7538,Bolingbrook,IL,60440.0
27601,7538,Belton,MO,64012.0
27601,7538,Warner Robins,GA,31093.0
27601,7538,Donna,TX,78537.0
27601,7538,Port Charlotte,FL,33952.0
27638,5912,Shreveport,LA,71115.0
27663,5411,Rockport,TX,78382.0
27772,7538,Honolulu,HI,96818.0
27786,5812,Concord,CA,94521.0
27810,5411,San Antonio,TX,78222.0
28008,5411,Seattle,WA,98121.0
28210,7832,Livermore,CA,94550.0
28257,5813,San Diego,CA,92166.0
28395,5541,Florence,OR,97439.0
28395,5541,Ruth,MS,39662.0
28511,7538,Little Rock Air Force Base,AR,72099.0
28727,5300,Great Falls,MT,59405.0
28743,5921,Ritzville,WA,99169.0
28950,5812,Loxahatchee,FL,33470.0
29069,5411,Shannon,NC,28386.0
29426,5912,Savannah,GA,31405.0
29489,5812,Saint Louis,MO,63147.0
29533,7230,Mission,TX,78572.0
29682,5411,La Grange,IL,60525.0
29742,3256,Franklin Square,NY,11010.0
29742,3256,Slaton,TX,79364.0
29742,3256,Mc Dowell,KY,41647.0
29742,3256,Black Diamond,WA,98010.0
29742,3256,Sylacauga,AL,35151.0
29743,5912,Marietta,GA,30064.0
29784,5300,Church Road,VA,23833.0
29823,7832,Bellefonte,PA,16823.0
29939,7538,Chicago,IL,60637.0
30055,7832,Princeton Junction,NJ,8550.0
30055,7832,Yakima,WA,98908.0
30055,7832,Lexington,KY,40503.0
30055,7832,Merced,CA,95341.0
30055,7832,Clifton,NJ,7012.0
30055,7832,Alsip,IL,60803.0
30055,7832,Cody,WY,82414.0
30055,7832,Miami,FL,33176.0
30055,7832,Spokane,WA,99208.0
30055,7832,Portland,OR,97233.0
30055,7832,Middletown,NY,10940.0
30130,5192,ONLINE,,
30286,4814,Blacklick,OH,43004.0
30286,4814,West College Corner,IN,47003.0
30286,4814,Alhambra,CA,91801.0
30286,4814,Saint Louis,MO,63141.0
30286,4814,Arkansas City,KS,67005.0
30497,3007,Clinton,IA,52732.0
30533,5812,Ursa,IL,62376.0
30546,5310,Federal Way,WA,98003.0
30644,5411,Palm Harbor,FL,34683.0
30759,5921,Matteson,IL,60443.0
30790,5192,ONLINE,,
30928,5541,Shreveport,LA,71115.0
30928,5541,Lock Haven,PA,17745.0
30928,5541,Dobson,NC,27017.0
30928,5541,Manteca,CA,95336.0
30928,5541,Seattle,WA,98122.0
30928,5541,Indianapolis,IN,46231.0
30928,5541,Somerset,KY,42501.0
30928,5541,Middlesboro,KY,40965.0
30970,7011,Rockport,TX,78382.0
31050,5921,Kincaid,IL,62540.0
31128,5411,Donna,TX,78537.0
31151,5812,Rockport,IN,47635.0
31316,7538,Saint Louis,MO,63131.0
31320,4900,Everett,WA,98204.0
31354,5411,West Covina,CA,91790.0
31720,5921,Miami,FL,33175.0
31773,5812,Brooklyn,NY,11214.0
31873,7542,Federal Way,WA,98003.0
31883,7995,Atlantic City,NJ,8401.0
31893,5311,Rome,Italy,
31893,5311,Salem,OR,97302.0
31893,5311,Fallbrook,CA,92028.0
31893,5311,Minneapolis,MN,55448.0
31893,5311,ONLINE,,
31893,5311,Chattanooga,TN,37415.0
32019,5912,Williamsville,MO,63967.0
32175,7538,Lexington,KY,40502.0
32175,7538,Seattle,WA,98125.0
32175,7538,New York,NY,10019.0
32175,7538,Colonial Heights,VA,23834.0
32175,7538,New York,NY,10128.0
32175,7538,Springfield,OR,97478.0
32175,7538,Las Vegas,NV,89183.0
32175,7538,Southgate,MI,48195.0
32175,7538,Hollywood,FL,33024.0
32175,7538,Bronx,NY,10461.0
32175,7538,Cranford,NJ,7016.0
32175,7538,Le Grand,CA,95333.0
32175,7538,Miami,FL,33175.0
32175,7538,Seattle,WA,98166.0
32175,7538,Sanford,FL,32771.0
32175,7538,Gooding,ID,83330.0
32175,7538,San Antonio,TX,78253.0
32175,7538,Louisville,KY,40258.0
32175,7538,Hayward,CA,94544.0
32175,7538,Lincoln,IL,62656.0
32175,7538,Wenatchee,WA,98801.0
32175,7538,Bellevue,WA,98004.0
32175,7538,Melbourne,FL,32904.0
32175,7538,Coeur D Alene,ID,83814.0
32175,7538,Saint Louis,MO,63131.0
32175,7538,Manassas,VA,20110.0
32175,7538,Conway,AR,72034.0
32175,7538,Honolulu,HI,96819.0
32175,7538,Corpus Christi,TX,78410.0
32175,7538,Indianapolis,IN,46234.0
32175,7538,Alsip,IL,60803.0
32175,7538,Kokomo,IN,46902.0
32175,7538,Mission,TX,78574.0
32240,5813,Great Falls,MT,59405.0
32283,4900,Buhl,ID,83316.0
32445,5813,Seattle,WA,98166.0
32480,4899,ONLINE,,
32514,5300,Fort Lauderdale,FL,33307.0
32606,7832,Louisville,KY,40228.0
32606,7832,Orlando,FL,32839.0
32606,7832,Federal Way,WA,98003.0
32606,7832,Cedar Lake,IN,46303.0
32606,7832,Little Rock,AR,72205.0
32606,7832,Hayward,CA,94545.0
32606,7832,Riverton,IL,62561.0
32606,7832,Fort Wayne,IN,46815.0
32606,7832,Lutsen,MN,55612.0
32606,7832,Arlington,WA,98223.0
32768,8041,Bronx,NY,10460.0
32792,5813,Corpus Christi,TX,78466.0
32800,8011,Mission,TX,78572.0
32858,5311,Marion,IN,46953.0
32858,5311,Miami,FL,33179.0
32858,5311,Mission,TX,78574.0
32858,5311,Bronx,NY,10465.0
32858,5311,Ashland,KY,41102.0
32858,5311,Redmond,WA,98052.0
32858,5311,Carlisle,KY,40311.0
32858,5311,ONLINE,,
32858,5311,Brooksville,FL,34613.0
32876,5655,Miami,FL,33175.0
32902,7538,Orlando,KY,40460.0
33029,5411,Winter Haven,FL,33881.0
33334,5411,London,United Kingdom,
34039,5300,Saint Louis,MO,63131.0
34156,5411,Savannah,GA,31405.0
34213,7538,Portland,OR,97229.0
34256,7393,ONLINE,,
34446,7538,Hayward,CA,94544.0
34488,7802,Arcadia,CA,91007.0
34490,5719,Miami,FL,33193.0
34490,5719,Bronx,NY,10469.0
34490,5719,Mission,TX,78574.0
34583,4900,Minneapolis,MN,55445.0
34702,5310,ONLINE,,
34702,5310,Rio Grande City,TX,78582.0
34702,5310,Hollywood,FL,33024.0
34768,5300,Saint John,WA,99171.0
34836,5912,Livermore,CA,94550.0
35138,5661,Stanford,KY,40484.0
35196,5812,La Grange,IL,60525.0
35255,5411,Alsip,IL,60803.0
35377,6300,ONLINE,,
35428,5411,Fort Wayne,IN,46807.0
35451,5812,Orlando,FL,32809.0
35451,5812,Pinson,AL,35126.0
35451,5812,Littleton,CO,80126.0
35451,5812,Louisville,KY,40229.0
35451,5812,Southgate,MI,48195.0
35451,5812,Valley,WA,99181.0
35451,5812,Tacoma,WA,98402.0
35451,5812,Athol,ID,83801.0
35451,5812,Gainesboro,TN,38562.0
35451,5812,Clarkson,KY,42726.0
35451,5812,Deary,ID,83823.0
35451,5812,Lancaster,NY,14086.0
35451,5812,Orlando,FL,32877.0
35451,5812,Lexington,KY,40502.0
35990,5812,Salt Lick,KY,40371.0
36042,5411,Wyandotte,MI,48192.0
36155,5921,Palm Harbor,FL,34683.0
36379,5411,Matteson,IL,60443.0
36427,5912,Honolulu,HI,96818.0
36495,6300,ONLINE,,
36523,5912,Carteret,NJ,7008.0
36541,5921,Concord,MA,1742.0
36821,5912,Orlando,FL,32824.0
36934,7538,Louisville,KY,40218.0
36934,7538,Great Falls,MT,59405.0
36934,7538,Miami,FL,33175.0
36934,7538,Indianapolis,IN,46234.0
36934,7538,Stanford,KY,40484.0
36934,7538,Fort Lauderdale,FL,33308.0
36934,7538,Louisville,KY,40228.0
36934,7538,Dallas,TX,75201.0
36934,7538,Concord,CA,94521.0
36934,7538,Portland,OR,97229.0
36934,7538,Mission,TX,78572.0
36934,7538,Everett,WA,98205.0
36946,5300,Minneapolis,MN,55445.0
37049,5812,Indianapolis,IN,46231.0
37098,5411,Yakima,WA,98903.0
37098,5411,Colfax,LA,71417.0
37104,7832,Portland,OR,97236.0
37226,5411,Yemassee,SC,29945.0
37387,4899,ONLINE,,
37450,5411,Wayland,KY,41666.0
37770,7832,Lawtons,NY,14091.0
37810,8099,Miami,FL,33175.0
37819,5411,Moscow,Russia,
38489,3058,Raymondville,TX,78580.0
38489,3058,Miami,FL,33177.0
38489,3058,Caneyville,KY,42721.0
38489,3058,Lake Stevens,WA,98258.0
38602,5311,Great Falls,MT,59405.0
38602,5311,Lexington,KY,40503.0
38602,5311,ONLINE,,
38602,5311,Shreveport,LA,71129.0
38602,5311,Cliffside Park,NJ,7010.0
38602,5311,New York,NY,10185.0
38602,5311,Vancouver,WA,98660.0
38602,5311,Fresh Meadows,NY,11365.0
38676,5816,ONLINE,,
38755,5411,Orlando,FL,32833.0
38958,7801,ONLINE,,
38963,5300,Donna,TX,78537.0
39089,5813,Clarendon,PA,16313.0
39261,5815,ONLINE,,
39528,5912,Clarendon,PA,16313.0
39539,7832,Bellevue,WA,98004.0
39734,5411,Los Angeles,CA,90011.0
39816,5912,Matteson,IL,60443.0
39821,5045,Bronx,NY,10460.0
39821,5045,Bothell,WA,98011.0
39991,3771,Lincoln Park,MI,48146.0
40038,7832,Fort Wayne,IN,46815.0
40257,5812,New Hope,KY,40052.0
40263,5192,ONLINE,,
40266,5813,Livermore,CA,94550.0
40437,5812,State College,PA,16801.0
40475,7802,Arlington Heights,IL,60005.0
40476,5300,Matteson,IL,60443.0
40565,5912,Saint Anthony,IN,47575.0
40910,8043,Mission,TX,78572.0
40981,5192,ONLINE,,
40986,8111,Federal Way,WA,98003.0
41052,5310,New Hope,KY,40052.0
41260,5541,Chattanooga,TN,37412.0
41260,5541,Macon,IL,62544.0
41260,5541,Rockport,IN,47635.0
41260,5541,Port Charlotte,FL,33952.0
41375,5912,Camden Wyoming,DE,19934.0
41515,5300,Bronx,NY,10460.0
41515,5300,Everett,WA,98205.0
41523,3387,Mayflower,AR,72106.0
41523,3387,Blackstone,MA,1504.0
41523,3387,Owensboro,KY,42303.0
41523,3387,Miami,FL,33180.0
41523,3387,Brooklyn,NY,11219.0
41523,3387,Saint Maries,ID,83861.0
41523,3387,San Antonio,TX,78228.0
41523,3387,Louisville,KY,40228.0
41620,3005,West Palm Beach,FL,33415.0
41620,3005,Tucson,AZ,85713.0
41678,7832,Dallas,TX,75218.0
41904,5813,Andover,KS,67002.0
42213,5812,Chattanooga,TN,37412.0
42311,5411,Cheyenne,WY,82001.0
42332,5192,ONLINE,,
42381,5300,Wilkeson,WA,98396.0
42525,5655,Bronx,NY,10460.0
42636,7802,Hallandale,FL,33009.0
42657,5912,Port Charlotte,FL,33952.0
42693,5816,ONLINE,,
42858,7538,Mahanoy City,PA,17948.0
42858,7538,Littleton,CO,80126.0
42858,7538,Atlanta,GA,30360.0
42858,7538,Fall Creek,OR,97438.0
42858,7538,Bonners Ferry,ID,83805.0
42981,7538,Corpus Christi,TX,78468.0
43008,5812,Everett,WA,98205.0
43119,7995,West Covina,CA,91790.0
43293,5499,Lexington,KY,40502.0
43293,5499,Orlando,FL,32824.0
43293,5499,Orlando,FL,32837.0
43293,5499,Naugatuck,CT,6770.0
43293,5499,Mission,TX,78572.0
43293,5499,Minneapolis,MN,55445.0
43293,5499,Colonial Heights,VA,23834.0
43293,5499,Burley,ID,83318.0
43293,5499,Littleton,CO,80126.0
43293,5499,Lathrop,CA,95330.0
43293,5499,Seattle,WA,98155.0
43293,5499,New Rochelle,NY,10804.0
43293,5499,Los Ebanos,TX,78565.0
43293,5499,Elma,WA,98541.0
43293,5499,Sanford,FL,32771.0
43354,5921,Lock Haven,PA,17745.0
43367,7996,Honolulu,HI,96818.0
43422,6300,ONLINE,,
43503,4900,Federal Way,WA,98003.0
43531,6300,ONLINE,,
43606,5812,Palm Harbor,FL,34683.0
44007,5921,San Antonio,TX,78228.0
44197,5045,ONLINE,,
44245,5912,Moscow,Russia,
44293,7538,Yemassee,SC,29945.0
44578,5812,Lehigh Acres,FL,33936.0
44578,5812,Nashville,TN,37211.0
44578,5812,San Antonio,TX,78224.0
44578,5812,Fort Wayne,IN,46807.0
44578,5812,Everett,WA,98208.0
44578,5812,Leeds,AL,35094.0
44578,5812,North Adams,MA,1247.0
44578,5812,Mount Auburn,IL,62547.0
44578,5812,Philadelphia,PA,19131.0
44698,5912,West Covina,CA,91790.0
44792,7832,Shreveport,LA,71118.0
44795,3780,Marysville,OH,43040.0
44795,3780,Anchorage,AK,99504.0
44919,5814,La Grange,IL,60525.0
44919,5814,Orlando,FL,32824.0
44919,5814,Fort Wayne,IN,46807.0
44919,5814,Louisville,KY,40228.0
44919,5814,Saint Charles,MO,63301.0
44919,5814,Matteson,IL,60443.0
44931,5912,Miami,FL,33175.0
45021,4131,Miami,FL,33184.0
45021,4131,Bronx,NY,10465.0
45021,4131,Stanford,KY,40484.0
45453,6300,ONLINE,,
45747,5411,Everett,WA,98205.0
45839,7276,Bronx,NY,10460.0
45926,5814,Savannah,MO,64485.0
45926,5814,Hazel Green,KY,41332.0
45926,5814,Orlando,FL,32868.0
45926,5814,Scottsburg,IN,47170.0
45926,5814,Saint Louis,MO,63131.0
45926,5814,Tacoma,WA,98403.0
45926,5814,Camden Wyoming,DE,19934.0
45926,5814,Nashville,TN,37209.0
45926,5814,Fort Lauderdale,FL,33308.0
46022,7349,Federal Way,WA,98003.0
46212,5912,Seattle,WA,98155.0
46284,5411,Petersburg,VA,23803.0
46284,5411,London,United Kingdom,
46284,5411,Federal Way,WA,98003.0
46284,5411,Manassas,VA,20110.0
46284,5411,Palm Desert,CA,92211.0
46284,5411,Zurich,Switzerland,
46284,5411,Moscow,Russia,
46284,5411,Little Rock,AR,72212.0
46284,5411,Escondido,CA,92027.0
46284,5411,La Crescenta,CA,91214.0
46284,5411,San Jose,CA,95124.0
46446,5411,Mission,TX,78572.0
46474,7538,Clewiston,FL,33440.0
46484,5912,Dexter,OR,97431.0
46600,8099,Federal Way,WA,98003.0
46728,5912,San Antonio,TX,78222.0
46746,5211,Bronx,NY,10460.0
46805,7832,Savannah,GA,31406.0
46965,7538,Oakland Gardens,NY,11364.0
46965,7538,Nashville,TN,37209.0
47101,5812,Leeds,AL,35094.0
47135,5300,Jonesboro,AR,72404.0
47181,5912,Nashville,TN,37211.0
47203,3008,ONLINE,,
47270,5912,San Diego,CA,92163.0
47278,5977,Glendale,CA,91204.0
47399,5815,ONLINE,,
47418,8011,Stanford,KY,40484.0
47708,4900,Schuylkill Haven,PA,17972.0
47792,7832,Cheney,WA,99004.0
47855,5912,Portland,OR,97229.0
47910,7538,Alsip,IL,60803.0
47945,5411,San Diego,CA,92163.0
48207,5912,West Palm Beach,FL,33411.0
48267,6300,ONLINE,,
48352,5812,Clewiston,FL,33440.0
48411,5812,Monterey,MA,1245.0
48462,7538,Indianapolis,IN,46231.0
48618,5251,Miami,FL,33175.0
48618,5251,Bronx,NY,10460.0
48639,7832,Springfield,OR,97477.0
48832,5300,La Joya,TX,78560.0
48851,5193,Bronx,NY,10460.0
48880,6300,ONLINE,,
48919,5311,Anacortes,WA,98221.0
48919,5311,Marietta,GA,30067.0
48919,5311,Saint Louis,MO,63134.0
48919,5311,Furlong,PA,18925.0
48919,5311,Emporia,VA,23847.0
48919,5311,Portland,OR,97239.0
48919,5311,Bono,AR,72416.0
48919,5311,Tylertown,MS,39667.0
48919,5311,Minneapolis,MN,55448.0
48919,5311,Donna,TX,78537.0
48919,5311,White City,OR,97503.0
48919,5311,Gooding,ID,83330.0
48919,5311,Hollywood,FL,33024.0
49152,7832,West Covina,CA,91790.0
49231,5812,Philadelphia,PA,19124.0
49304,7011,Colfax,LA,71417.0
49468,7832,Stuart,FL,34997.0
49637,3509,Nashville,TN,37212.0
49637,3509,Honolulu,HI,96818.0
49637,3509,Stamford,CT,6902.0
49637,3509,Punta Gorda,FL,33983.0
49637,3509,San Jose,CA,95124.0
49637,3509,Mount Pleasant,SC,29466.0
49637,3509,Indio,CA,92202.0
49637,3509,Saint Louis,MO,63139.0
49637,3509,Scottsdale,AZ,85259.0
49637,3509,Rome,Italy,
49637,3509,Melbourne,FL,32934.0
49637,3509,Fultondale,AL,35068.0
49637,3509,Brownsville,TX,78520.0
49689,5812,La Crescenta,CA,91214.0
49789,5541,San Antonio,TX,78222.0
49789,5541,Tacoma,WA,98402.0
49789,5541,Orlando,KY,40460.0
49972,4900,Scottsburg,IN,47170.0
50243,8049,Federal Way,WA,98003.0
50292,7801,ONLINE,,
50429,7538,Nashville,TN,37209.0
50637,5411,Alexander City,AL,35011.0
50643,5310,Matteson,IL,60443.0
50647,5812,Dexter,OR,97431.0
50700,8011,Miami,FL,33175.0
50760,5812,Vancouver,WA,98661.0
50783,5411,San Antonio,TX,78223.0
50783,5411,Orlando,FL,32824.0
50783,5411,Chicago,IL,60637.0
50783,5411,Port Orange,FL,32128.0
50783,5411,Savannah,MO,64485.0
50783,5411,Saint Louis,MO,63137.0
50783,5411,Lancaster,NY,14086.0
50783,5411,Spokane,WA,99202.0
50783,5411,Saint Charles,MO,63303.0
50783,5411,Edinburg,TX,78539.0
50783,5411,Oakland Gardens,NY,11364.0
50783,5411,Palm Harbor,FL,34683.0
50783,5411,Savannah,GA,31405.0
50783,5411,Lock Haven,PA,17745.0
50783,5411,Seattle,WA,98121.0
50783,5411,Hailey,ID,83333.0
50783,5411,Cheyenne,WY,82009.0
50783,5411,Indianapolis,IN,46236.0
50783,5411,Palo Alto,CA,94303.0
50783,5411,Clark Fork,ID,83811.0
50783,5411,Southgate,MI,48195.0
50783,5411,West Covina,CA,91791.0
50783,5411,Piggott,AR,72454.0
50783,5411,Princeton Junction,NJ,8550.0
50783,5411,Mission,TX,78573.0
50783,5411,Brooksville,MS,39739.0
50783,5411,Southern Pines,NC,28387.0
50783,5411,Orlando,FL,32839.0
50783,5411,Everett,WA,98204.0
50783,5411,State College,PA,16801.0
50867,5541,Livermore,CA,94550.0
50867,5541,Fort Wayne,IN,46808.0
50962,5411,Dexter,OR,97431.0
51052,7538,La Joya,TX,78560.0
51136,5411,Indianapolis,IN,46235.0
51180,5193,ONLINE,,
51300,3359,Apple Valley,CA,92307.0
51300,3359,London,United Kingdom,
51300,3359,Covington,GA,30016.0
51300,3359,North Little Rock,AR,72118.0
51300,3359,Alhambra,CA,91803.0
51300,3359,Minneapolis,MN,55448.0
51300,3359,Melbourne,FL,32904.0
51300,3359,Seattle,WA,98168.0
51300,3359,Shreveport,LA,71115.0
51346,5912,Indianapolis,IN,46231.0
51397,5651,ONLINE,,
51591,7996,Palm Harbor,FL,34683.0
51800,8011,Bronx,NY,10460.0
51814,7210,Bronx,NY,10460.0
51889,5211,Federal Way,WA,98003.0
52073,4722,ONLINE,,
52100,7801,ONLINE,,
52372,7832,Jerome,ID,83338.0
52433,5813,Shreveport,LA,71115.0
52573,5300,West Covina,CA,91790.0
52874,5411,San Antonio,TX,78228.0
52923,3504,Verona,NJ,7044.0
52923,3504,Bainbridge,GA,39817.0
52923,3504,Wyandotte,MI,48192.0
52923,3504,Cape Coral,FL,33990.0
52923,3504,Rockledge,FL,32955.0
52923,3504,Trenton,NJ,8618.0
52923,3504,San Antonio,TX,78239.0
52923,3504,Louisville,KY,40299.0
52923,3504,Miami,FL,33145.0
52923,3504,Brandon,FL,33510.0
52923,3504,Mission,TX,78572.0
52923,3504,Honolulu,HI,96818.0
52923,3504,Chicago,IL,60638.0
52932,7538,Schoharie,NY,12157.0
53331,5411,Scottsburg,IN,47170.0
53542,5411,Erwinna,PA,18920.0
53922,5411,Little Rock,AR,72205.0
54041,5411,Durham,NC,27703.0
54168,5411,Warner Robins,GA,31093.0
54228,7011,Alexander City,AL,35011.0
54251,6300,ONLINE,,
54367,8099,Mission,TX,78572.0
54380,5192,ONLINE,,
54537,7531,Stanford,KY,40484.0
54542,5912,Saint Louis,MO,63131.0
54621,5211,Stanford,KY,40484.0
54730,6300,ONLINE,,
54773,5311,ONLINE,,
54850,4814,Mission,TX,78573.0
54850,4814,Safety Harbor,FL,34695.0
54850,4814,Melbourne,FL,32940.0
54850,4814,La Crescenta,CA,91214.0
54850,4814,Federal Way,WA,98003.0
54850,4814,Lakeside,CA,92040.0
54855,5812,San Jose,CA,95124.0
54917,5411,Hayward,CA,94544.0
54951,7538,Seattle,WA,98121.0
55037,5921,Mission,TX,78572.0
55060,5812,Burlington,KY,41005.0
55060,5812,Miami,FL,33175.0
55060,5812,Indianapolis,IN,46231.0
55060,5812,Chattanooga,TN,37412.0
55060,5812,San Antonio,TX,78228.0
55235,5300,Hayward,CA,94544.0
55251,7230,Jonesboro,AR,72404.0
55283,7230,Yorkshire,OH,45388.0
55373,5411,Andover,KS,67002.0
55555,5712,Bronx,NY,10463.0
55895,5651,Bronx,NY,10460.0
56064,7230,Federal Way,WA,98003.0
56182,5300,Orlando,FL,32833.0
56184,5812,Moscow,Russia,
56276,4899,ONLINE,,
56431,5541,Corpus Christi,TX,78426.0
56666,5411,Pelham,AL,35124.0
57133,3730,Waianae,HI,96792.0
57322,5812,Hayward,CA,94544.0
57332,7349,Bronx,NY,10460.0
57367,5812,Stuart,FL,34994.0
57382,5411,Shreveport,LA,71108.0
57386,3132,Lexington,KY,40502.0
57386,3132,Garden City,NY,11530.0
57386,3132,Ashland City,TN,37015.0
57386,3132,Parker,CO,80134.0
57386,3132,Spokane,WA,99203.0
57395,5300,Plainsboro,NJ,8536.0
57512,5812,Ritzville,WA,99169.0
57668,7549,Federal Way,WA,98003.0
57826,7832,Lexington,KY,40504.0
57876,5411,Cecilia,KY,42724.0
58007,5813,Matteson,IL,60443.0
58040,7832,Minneapolis,MN,55446.0
58111,5310,Orlando,FL,32855.0
58141,5812,Shreveport,LA,71108.0
58332,5300,Federal Way,WA,98003.0
58571,8062,Midland,TX,79703.0
58808,5192,ONLINE,,
58913,7832,Everett,WA,98205.0
59034,5192,Bronx,NY,10460.0
59098,1711,Stanford,KY,40484.0
59129,5812,Dover,TN,37058.0
59139,8043,Bronx,NY,10460.0
59174,5912,Lehigh Acres,FL,33974.0
59199,5814,Bates City,MO,64011.0
59312,5921,Somerset,KY,42501.0
59397,5812,Whitesburg,KY,41858.0
59397,5812,Shoals,IN,47581.0
59397,5812,Palm Harbor,FL,34683.0
59397,5812,Orlando,FL,32837.0
59397,5812,Orlando,FL,32817.0
59397,5812,Las Vegas,NV,89183.0
59397,5812,Nashville,TN,37210.0
59415,5192,ONLINE,,
59474,3722,Nashville,TN,37214.0
59474,3722,Alpharetta,GA,30004.0
59474,3722,Marion,IN,46952.0
59474,3722,Orlando,FL,32810.0
59474,3722,Boonville,IN,47601.0
59474,3722,Alburtis,PA,18011.0
59474,3722,Torrington,WY,82240.0
59474,3722,Palm Harbor,FL,34684.0
59474,3722,Adelanto,CA,92301.0
59474,3722,Seattle,WA,98177.0
59474,3722,Wyandotte,MI,48192.0
59474,3722,Cocoa,FL,32927.0
59474,3722,Manteca,CA,95337.0
59474,3722,Philadelphia,PA,19134.0
59474,3722,Bossier City,LA,71111.0
59474,3722,Lake Stevens,WA,98258.0
59474,3722,Atlanta,GA,30339.0
59558,5921,Federal Way,WA,98003.0
59634,5712,Tacoma,WA,98422.0
59697,5310,Miami,FL,33175.0
59787,7996,Mission,TX,78572.0
59935,5499,Vancouver,WA,98661.0
59935,5499,Saint Louis,MO,63131.0
59935,5499,Seattle,WA,98121.0
59935,5499,Selkirk,NY,12158.0
59935,5499,Chattanooga,TN,37415.0
59935,5499,La Quinta,CA,92253.0
59935,5499,Great Falls,MT,59405.0
59935,5499,Las Vegas,NV,89183.0
59935,5499,New York,NY,10075.0
59935,5499,Oakland Gardens,NY,11364.0
59935,5499,Bronx,NY,10460.0
59935,5499,Matteson,IL,60443.0
59935,5499,Orlando,FL,32833.0
59935,5499,San Diego,CA,92109.0
59935,5499,Tower City,PA,17980.0
59935,5499,Wilbur,WA,99185.0
59935,5499,Dexter,OR,97431.0
59935,5499,Fort Lauderdale,FL,33307.0
59935,5499,Miami,FL,33125.0
59935,5499,Concord,CA,94521.0
59935,5499,Corpus Christi,TX,78418.0
59935,5499,Anacortes,WA,98221.0
59935,5499,Miami,FL,33175.0
59935,5499,Portland,OR,97229.0
59935,5499,Louisville,KY,40228.0
59935,5499,Fort Wayne,IN,46807.0
59935,5499,Washington,UT,84780.0
59935,5499,Florien,LA,71429.0
59935,5499,Hayward,CA,94544.0
59935,5499,Los Angeles,CA,90011.0
59935,5499,Philadelphia,PA,19124.0
59935,5499,Bonners Ferry,ID,83805.0
59935,5499,Federal Way,WA,98003.0
59935,5499,Nashville,TN,37211.0
60152,3000,Fort Lauderdale,FL,33330.0
60152,3000,Woodbine,KY,40771.0
60152,3000,Seattle,WA,98109.0
60152,3000,Brooklyn,NY,11208.0
60152,3000,Giddings,TX,78942.0
60186,8099,Stanford,KY,40484.0
60274,5310,Stanford,KY,40484.0
60340,4900,San Antonio,TX,78224.0
60569,5300,Montreal,Canada,
60569,5300,Naples,FL,34119.0
60569,5300,Federal Way,WA,98003.0
60569,5300,Tempe,AZ,85282.0
60569,5300,Casper,WY,82601.0
60569,5300,Livermore,CA,94550.0
60569,5300,Pompano Beach,FL,33063.0
60569,5300,Dubach,LA,71235.0
60569,5300,Miami,FL,33176.0
60569,5300,Slingerlands,NY,12159.0
60569,5300,Vero Beach,FL,32962.0
60569,5300,Indianapolis,IN,46241.0
60569,5300,Sun Valley,NV,89433.0
60569,5300,Bastrop,TX,78602.0
60569,5300,Jonesboro,AR,72401.0
60569,5300,Vancouver,WA,98661.0
60569,5300,Detroit,MI,48202.0
60569,5300,Orlando,FL,32814.0
60569,5300,Southaven,MS,38672.0
60569,5300,Tacoma,WA,98443.0
60569,5300,San Marcos,CA,92078.0
60569,5300,Bozeman,MT,59718.0
60569,5300,Frenchburg,KY,40322.0
60569,5300,Monroe,WA,98272.0
60569,5300,Louisville,KY,40210.0
60569,5300,New Hope,PA,18938.0
60569,5300,Corpus Christi,TX,78418.0
60569,5300,ONLINE,,
60569,5300,Bronx,NY,10462.0
60569,5300,Greenwood,AR,72936.0
60569,5300,Lexington,KY,40502.0
60569,5300,Edinburg,TX,78542.0
60569,5300,Portland,OR,97229.0
60569,5300,Greenville,NC,27834.0
60569,5300,Port Orange,FL,32129.0
60569,5300,Caledonia,MN,55921.0
61149,7832,Monroe,WA,98272.0
61157,5621,Miami,FL,33175.0
61171,5411,Great Falls,MT,59405.0
61195,5541,Gainesboro,TN,38562.0
61195,5541,Alpharetta,GA,30004.0
61195,5541,Malvern,AR,72104.0
61195,5541,Alsip,IL,60803.0
61195,5541,State College,PA,16801.0
61195,5541,Indianapolis,IN,46236.0
61195,5541,Cheyenne,WY,82009.0
61195,5541,Scottsburg,IN,47170.0
61195,5541,La Grange,IL,60525.0
61195,5541,Orlando,FL,32839.0
61195,5541,Coronado,CA,92178.0
61195,5541,Hailey,ID,83333.0
61195,5541,Seattle,WA,98166.0
61195,5541,Portland,OR,97229.0
61195,5541,Alexander City,AL,35011.0
61195,5541,Yakima,WA,98903.0
61195,5541,Plainsboro,NJ,8536.0
61195,5541,Lancaster,NY,14086.0
61195,5541,Miami,FL,33175.0
61195,5541,Montreal,Canada,
61195,5541,Pewee Valley,KY,40056.0
61195,5541,Escondido,CA,92027.0
61195,5541,Orlando,FL,32835.0
61195,5541,Tokyo,Japan,
61195,5541,Concord,MA,1742.0
61195,5541,Warner Robins,GA,31093.0
61195,5541,Savannah,GA,31405.0
61195,5541,Louisville,KY,40229.0
61195,5541,Delhi,India,
61195,5541,Minneapolis,MN,55445.0
61195,5541,Atlanta,GA,30336.0
61195,5541,Moscow,Russia,
61195,5541,Marietta,GA,30064.0
61195,5541,Sanford,FL,32771.0
61195,5541,Hazard,KY,41701.0
61195,5541,New York,NY,10075.0
61195,5541,Bronx,NY,10460.0
61195,5541,Donna,TX,78537.0
61530,5921,Bronx,NY,10460.0
61641,4900,ONLINE,,
61738,5094,Honolulu,HI,96817.0
61738,5094,Belle Glade,FL,33430.0
61769,5411,Delhi,India,
61806,5912,Bronx,NY,10460.0
62117,5733,Bronx,NY,10460.0
62171,5411,Titusville,FL,32796.0
62332,5812,Alexander City,AL,35011.0
62617,7996,Wenatchee,WA,98801.0
62860,5912,Warner Robins,GA,31093.0
62882,5411,Corpus Christi,TX,78427.0
63008,4900,Plainsboro,NJ,8536.0
63014,7996,Portland,OR,97229.0
63694,5411,Tokyo,Japan,
63710,8043,Stanford,KY,40484.0
63725,5812,Orlando,FL,32833.0
64252,5411,Ruth,MS,39662.0
64256,5812,Dallas,TX,75201.0
64342,7832,Seattle,WA,98166.0
64476,5813,Miami,FL,33175.0
65020,5300,Tacoma,WA,98422.0
65108,4899,ONLINE,,
65627,5813,Mabelvale,AR,72103.0
65638,7538,Bronx,NY,10460.0
65881,5311,ONLINE,,
65881,5311,Miami,FL,33175.0
65987,7538,Ritzville,WA,99169.0
66010,7538,Labelle,FL,33935.0
66010,7538,Federal Way,WA,98003.0
66032,4900,Wyandotte,MI,48192.0
66369,8011,Federal Way,WA,98003.0
66623,7996,Federal Way,WA,98003.0
67033,7538,Stanford,KY,40484.0
67082,4900,Miami,FL,33175.0
67083,5411,Saint John,WA,99171.0
67129,5411,Las Vegas,NV,89183.0
67281,5411,La Crescenta,CA,91214.0
67390,5814,Orlando,FL,32833.0
67390,5814,ONLINE,,
67440,5300,Miami,FL,33175.0
67455,5192,ONLINE,,
67458,5411,Orlando,FL,32814.0
67488,5812,Printer,KY,41655.0
67498,5411,Orlando,FL,32824.0
67570,5311,Albany,NY,12203.0
67570,5311,Orlando,FL,32811.0
67570,5311,Fort Wayne,IN,46814.0
67570,5311,Bronx,NY,10466.0
67634,7538,Dallas,TX,75201.0
67932,7832,Cunningham,KS,67035.0
68018,7832,Orlando,FL,32833.0
68057,5812,Orlando,FL,32824.0
68306,5921,Keyes,CA,95328.0
68671,5541,Everett,WA,98205.0
68671,5541,Orlando,FL,32809.0
68671,5541,Cecilia,KY,42724.0
68684,6300,ONLINE,,
68751,5651,Fall City,WA,98024.0
68751,5651,Taylorville,IL,62568.0
68751,5651,Bronston,KY,42518.0
68751,5651,Miami,FL,33196.0
68751,5651,Lexington,KY,40509.0
68769,5912,Donna,TX,78537.0
68977,3174,Valrico,FL,33594.0
68977,3174,Eagle Pass,TX,78852.0
68977,3174,Pearl City,HI,96782.0
69366,5912,Minneapolis,MN,55445.0
69555,8041,Federal Way,WA,98003.0
69758,5411,Schuylkill Haven,PA,17972.0
69776,5813,Honolulu,HI,96818.0
69956,5310,Bellevue,WA,98004.0
69956,5310,Vidalia,GA,30474.0
69965,7995,Las Vegas,NV,89109.0
69972,5814,Pewee Valley,KY,40056.0
69972,5814,Tamms,IL,62988.0
69972,5814,Orlando,FL,32809.0
69972,5814,Edmonds,WA,98026.0
70005,5533,Bronx,NY,10465.0
70129,7801,ONLINE,,
70268,4722,ONLINE,,
70406,5912,Louisville,KY,40228.0
70406,5912,Las Vegas,NV,89183.0
70531,7538,Louisville,KY,40228.0
70873,8041,Mission,TX,78572.0
70970,5812,Cheyenne,WY,82009.0
71030,5912,La Crescenta,CA,91214.0
71164,7832,Spokane,WA,99201.0
71228,8011,Louisville,KY,40228.0
71397,6300,ONLINE,,
71408,5912,Bolingbrook,IL,60440.0
71596,5912,Orlando,FL,32855.0
71612,5813,Silver Creek,MS,39663.0
71667,7538,Minneapolis,MN,55446.0
71667,7538,San Jose,CA,95124.0
71667,7538,Livermore,CA,94550.0
71770,5912,Toutle,WA,98649.0
71883,3405,Dayton,OH,45431.0
71883,3405,Braintree,MA,2184.0
71883,3405,Miami,FL,33193.0
71883,3405,Lexington,KY,40505.0
71883,3405,La Crescenta,CA,91214.0
71883,3405,Modesto,CA,95355.0
71883,3405,Escondido,CA,92029.0
72071,5411,Indianapolis,IN,46231.0
72112,5812,Garnett,SC,29922.0
72288,4900,Everett,WA,98205.0
72351,5541,Bay,AR,72411.0
72404,5921,Hayward,CA,94544.0
72515,5814,Palm Harbor,FL,34683.0
72554,5813,Montreal,Canada,
72813,6300,ONLINE,,
72832,7011,Delhi,India,
72932,5812,Kincaid,IL,62540.0
73186,4814,ONLINE,,
73247,5655,Matteson,IL,60443.0
73610,5300,San Antonio,TX,78222.0
73661,7995,Thackerville,OK,73459.0
73672,5411,Jonesboro,AR,72404.0
73995,5921,Portland,OR,97229.0
74290,5411,Orlando,FL,32837.0
74511,5411,Chicago,IL,60637.0
74565,5941,Federal Way,WA,98003.0
74587,5192,ONLINE,,
74922,5411,Nashville,TN,37211.0
74934,3596,Oakland,CA,94606.0
74935,7832,Raymondville,TX,78580.0
74938,5300,Port Charlotte,FL,33952.0
75195,5812,New Rochelle,NY,10804.0
75393,7996,ONLINE,,
75506,5921,Petersburg,VA,23803.0
75534,8049,Mission,TX,78572.0
75559,5812,Federal Way,WA,98003.0
75718,7538,San Jose,CA,95124.0
75781,5411,Louisville,KY,40228.0
75781,5411,Hill City,MN,55748.0
75781,5411,Fort Wayne,IN,46808.0
75781,5411,Merced,CA,95341.0
75781,5411,Midlothian,IL,60445.0
75781,5411,Nashville,TN,37211.0
75781,5411,Cliffside Park,NJ,7010.0
75781,5411,Bronx,NY,10460.0
75781,5411,Orlando,FL,32810.0
75781,5411,Hayward,CA,94544.0
75781,5411,Quincy,MA,2169.0
75781,5411,Schuylkill Haven,PA,17972.0
75781,5411,San Antonio,TX,78228.0
75781,5411,Taylorville,IL,62568.0
75781,5411,Oakridge,OR,97463.0
75781,5411,Hendersonville,TN,37075.0
75781,5411,Columbus,IN,47203.0
75781,5411,Bolingbrook,IL,60440.0
75781,5411,Portland,OR,97230.0
75781,5411,Edmond,OK,73034.0
75781,5411,Miami,FL,33175.0
75781,5411,La Grange,IL,60525.0
75781,5411,Glendale,OR,97442.0
75781,5411,Vancouver,WA,98662.0
75781,5411,Las Vegas,NV,89183.0
75781,5411,Austin,TX,78717.0
75781,5411,Belt,MT,59412.0
75781,5411,Boynton Beach,FL,33435.0
75781,5411,Monterey,IN,46960.0
75781,5411,Warsaw,IL,62379.0
75781,5411,Livermore,CA,94550.0
75782,7995,Orlando,FL,32858.0
75818,5310,Bronx,NY,10460.0
75820,7832,Louisville,KY,40228.0
75875,5813,Jonesboro,AR,72404.0
75913,7832,Excelsior Springs,MO,64024.0
75936,5814,Stanford,KY,40484.0
75936,5814,Indio,CA,92201.0
75936,5814,Hayward,CA,94544.0
75936,5814,Miami,FL,33125.0
75936,5814,Clarkson,KY,42726.0
75936,5814,Effingham,IL,62401.0
75936,5814,Spokane,WA,99201.0
75936,5814,Nashville,TN,37211.0
75936,5814,Dobson,NC,27017.0
75936,5814,Everett,WA,98205.0
75936,5814,State College,PA,16801.0
75936,5814,Mt Zion,IL,62549.0
75936,5814,Quincy,MA,2169.0
75936,5814,Littleton,CO,80126.0
75936,5814,Manassas,VA,20110.0
75936,5814,Plainsboro,NJ,8536.0
75936,5814,Warner Robins,GA,31093.0
75936,5814,Hendersonville,TN,37075.0
75936,5814,Lathrop,CA,95330.0
75936,5814,Portland,OR,97229.0
75936,5814,Federal Way,WA,98003.0
75936,5814,Concord,CA,94521.0
75942,5912,Litchfield,CT,6759.0
76059,5912,Plainsboro,NJ,8536.0
76210,5732,ONLINE,,
76330,5411,Saint Louis,MO,63131.0
76338,5921,Minneapolis,MN,55445.0
76484,5411,San Diego,CA,92175.0
76639,5732,Mount Vernon,NY,10552.0
76639,5732,Tacoma,WA,98445.0
76639,5732,ONLINE,,
76639,5732,Yakima,WA,98901.0
76639,5732,Middlesboro,KY,40965.0
76639,5732,Miami,FL,33182.0
76639,5732,Bellevue,WA,98007.0
76721,6300,ONLINE,,
76831,5912,Los Angeles,CA,90011.0
76847,7538,Federal Way,WA,98003.0
76864,5921,Fort Wayne,IN,46807.0
76975,7531,Federal Way,WA,98003.0
77020,5816,ONLINE,,
77482,4900,Hayward,CA,94544.0
77531,7011,Canmer,KY,42722.0
77649,5941,Bothell,WA,98011.0
77660,4900,Portland,OR,97229.0
78005,5651,Moscow,Russia,
78140,5921,Louisville,KY,40218.0
78454,5812,Concord,CA,94521.0
78454,5812,Roseburg,OR,97470.0
78454,5812,Saint Joseph,MO,64504.0
78454,5812,Princeton,IN,47670.0
78454,5812,Grain Valley,MO,64029.0
78454,5812,Titusville,FL,32796.0
78473,7995,Miami,FL,33175.0
78595,8062,Bellevue,WA,98004.0
78644,3775,Las Vegas,NV,89148.0
78785,5912,Hayward,CA,94544.0
78817,4900,Bronx,NY,10460.0
78939,5411,Stanford,KY,40484.0
79050,4900,ONLINE,,
79107,5300,Livermore,CA,94550.0
79107,5300,Durham,NC,27703.0
79446,5912,San Antonio,TX,78252.0
79664,5814,Santa Claus,IN,47579.0
79664,5814,Mill Hall,PA,17751.0
79671,7538,Miami,FL,33175.0
79927,5912,Aransas Pass,TX,78336.0
79927,5912,Stanford,KY,40484.0
79927,5912,West Covina,CA,91791.0
79927,5912,Winter Haven,FL,33884.0
79927,5912,Livermore,CA,94550.0
79937,5921,Saint Louis,MO,63147.0
80009,5300,San Francisco,CA,94188.0
80280,7538,Wyandotte,MI,48192.0
80485,5812,Sanford,FL,32771.0
80672,5812,Petersburg,VA,23803.0
80753,5812,Fort Lauderdale,FL,33308.0
80859,5912,Keyes,CA,95328.0
80999,8021,Bronx,NY,10460.0
81444,5411,State College,PA,16801.0
81477,5311,Labelle,FL,33935.0
81477,5311,Bossier City,LA,71112.0
81477,5311,Punta Gorda,FL,33983.0
81477,5311,Lexington,KY,40503.0
81477,5311,Bellevue,WA,98008.0
81650,5411,San Diego,CA,92109.0
81690,7538,Lehigh Acres,FL,33974.0
81703,7832,Coeur D Alene,ID,83815.0
81759,7349,ONLINE,,
81829,5812,New York,NY,10075.0
81833,5912,Saint Louis,MO,63131.0
81833,5912,Jonesboro,AR,72404.0
81833,5912,Lynnville,IN,47619.0
81833,5912,Zeigler,IL,62999.0
81833,5912,New York,NY,10075.0
81833,5912,Tacoma,WA,98402.0
81833,5912,Everett,WA,98208.0
81833,5912,Saint Louis,MO,63147.0
81833,5912,Federal Way,WA,98003.0
81833,5912,Minneapolis,MN,55446.0
81833,5912,Scottsburg,IN,47170.0
81833,5912,Lincoln,AL,35096.0
81905,7996,Miami,FL,33175.0
81934,5812,Orlando,FL,32856.0
81943,7995,Palm Harbor,FL,34683.0
82118,5094,Mission,TX,78572.0
82229,5912,Labelle,FL,33935.0
82383,5045,ONLINE,,
82523,5812,Saint George,UT,84770.0
82981,5912,Zellwood,FL,32798.0
82981,5912,Indianapolis,IN,46234.0
82981,5912,Hayward,CA,94544.0
82981,5912,Lathrop,CA,95330.0
82981,5912,Portland,OR,97229.0
82981,5912,Grapeview,WA,98546.0
82981,5912,Indio,CA,92201.0
82981,5912,Mahanoy City,PA,17948.0
82981,5912,Jerome,ID,83338.0
83018,5310,Rome,Italy,
83038,5812,Miami,FL,33175.0
83111,5300,Palm Harbor,FL,34683.0
83229,5411,Germanton,NC,27019.0
83229,5411,Orlando,FL,32834.0
83229,5411,Orlando,FL,32857.0
83229,5411,Glen Jean,WV,25846.0
83229,5411,Warner Robins,GA,31095.0
83229,5411,Orlando,FL,32815.0
83271,4214,Bellevue,WA,98005.0
83271,4214,Bronx,NY,10460.0
83480,9402,Miami,FL,33175.0
83480,9402,ONLINE,,
83480,9402,Federal Way,WA,98003.0
83480,9402,Bronx,NY,10460.0
83491,5045,ONLINE,,
83557,4900,Bonners Ferry,ID,83805.0
83743,7538,Orlando,FL,32833.0
83767,4900,Chattanooga,TN,37412.0
83778,5921,Saint John,WA,99171.0
84008,5912,Lawrence Township,NJ,8648.0
84554,7801,ONLINE,,
84619,5912,Orlando,FL,32833.0
84876,5813,Savannah,GA,31405.0
84944,5411,Miami,FL,33116.0
84960,5310,Port au Prince,Haiti,
85134,7538,Durham,NC,27703.0
85247,5815,ONLINE,,
85400,8011,Orlando,FL,32824.0
85573,7538,Toutle,WA,98649.0
85600,3066,Forest Hills,NY,11375.0
85600,3066,London,KY,40744.0
85600,3066,Kent,WA,98030.0
85600,3066,Amarillo,TX,79108.0
85701,5813,Donna,TX,78537.0
85701,5813,Stanford,KY,40484.0
85725,5812,Boynton Beach,FL,33435.0
85872,5411,Lock Haven,PA,17745.0
85872,5411,San Antonio,TX,78224.0
86189,5300,Buhl,ID,83316.0
86204,5912,Zurich,Switzerland,
86286,5732,ONLINE,,
86369,4899,ONLINE,,
86403,5411,La Joya,TX,78560.0
86410,5211,Gainesville,GA,30506.0
86410,5211,Alexandria,KY,41001.0
86410,5211,Rio Grande City,TX,78582.0
86410,5211,Rome,Italy,
86410,5211,Miami,FL,33180.0
86438,5499,Clewiston,FL,33440.0
86438,5499,Andover,KS,67002.0
86438,5499,Saint Louis,MO,63135.0
86438,5499,Marion,IN,46952.0
86438,5499,Louisville,KY,40218.0
86438,5499,Moscow,Russia,
86438,5499,Miami,FL,33176.0
86438,5499,Concord,MA,1742.0
86438,5499,Labelle,FL,33935.0
86438,5499,Montreal,Canada,
86438,5499,Jasper,TX,75951.0
86438,5499,Delhi,India,
86438,5499,London,United Kingdom,
86438,5499,Zurich,Switzerland,
86438,5499,Indianapolis,IN,46231.0
86438,5499,Winter Haven,FL,33881.0
86438,5499,Yemassee,SC,29945.0
86438,5499,Loxahatchee,FL,33470.0
86438,5499,San Antonio,TX,78222.0
86438,5499,La Crescenta,CA,91214.0
86438,5499,Cheyenne,WY,82001.0
86518,5912,Seattle,WA,98121.0
86616,4814,Orlando,FL,32833.0
86616,4814,Romeoville,IL,60446.0
86616,4814,ONLINE,,
86616,4814,Lexington,KY,40502.0
86616,4814,Miami,FL,33175.0
86616,4814,Bronx,NY,10462.0
86616,4814,Medford,OR,97504.0
86616,4814,Martinez,CA,94553.0
86651,8021,Federal Way,WA,98003.0
86700,5411,Crab Orchard,KY,40419.0
86797,5812,Titusville,FL,32796.0
86959,5311,Orlando,FL,32825.0
86959,5311,Fort Wayne,IN,46825.0
86959,5311,ONLINE,,
87324,7832,Blytheville,AR,72315.0
87358,5813,Escondido,CA,92027.0
87454,5912,La Joya,TX,78560.0
87530,4900,ONLINE,,
87531,5813,Mission,TX,78572.0
87545,7832,Edmonds,WA,98026.0
87625,5812,Fort Lauderdale,FL,33311.0
87625,5812,Brooklyn,NY,11214.0
87625,5812,Portland,OR,97229.0
87625,5812,Tokyo,Japan,
87625,5812,Outlook,WA,98938.0
87625,5812,Saint Louis,MO,63147.0
87625,5812,Louisville,KY,40220.0
87625,5812,Stuart,FL,34994.0
87746,1711,Miami,FL,33175.0
87822,5912,Lancaster,NY,14086.0
87908,5812,Los Angeles,CA,90011.0
87968,5921,Stanford,KY,40484.0
88084,7832,Orlando,FL,32824.0
88084,7832,Saint Louis,MO,63132.0
88204,5411,Leeds,AL,35094.0
88260,5411,Rome,Italy,
88365,5813,Corpus Christi,TX,78418.0
88459,5311,ONLINE,,
88534,4900,Harold,KY,41635.0
88646,5812,Little Rock,AR,72206.0
88646,5812,Somerset,KY,42501.0
88646,5812,Burley,ID,83318.0
88646,5812,Zurich,Switzerland,
88646,5812,Pewee Valley,KY,40056.0
88646,5812,Saint George,UT,84770.0
88646,5812,Palo Alto,CA,94301.0
88646,5812,Seattle,WA,98122.0
88646,5812,Hayward,CA,94544.0
88646,5812,Saint Louis,MO,63131.0
88646,5812,Edmond,OK,73034.0
88646,5812,Manteca,CA,95336.0
88646,5812,Harrisburg,OR,97446.0
88646,5812,Tokyo,Japan,
88646,5812,Vancouver,WA,98661.0
88746,6300,ONLINE,,
89062,5411,Bonners Ferry,ID,83805.0
89069,5251,Mission,TX,78572.0
89069,5251,Stanford,KY,40484.0
89069,5251,Federal Way,WA,98003.0
89270,7538,Elma,WA,98541.0
89318,5813,West Palm Beach,FL,33411.0
89650,6300,ONLINE,,
89705,5193,ONLINE,,
89949,7996,ONLINE,,
90017,5211,Mission,TX,78572.0
90222,5411,Mc Crory,AR,72101.0
90854,5812,Winter Haven,FL,33881.0
90865,5311,Mission,TX,78574.0
90897,5812,Louisville,KY,40228.0
90999,4722,ONLINE,,
91149,7538,Palm Harbor,FL,34683.0
91292,5655,Federal Way,WA,98003.0
91440,5411,Savannah,MO,64485.0
91623,5912,Escondido,CA,92027.0
91786,5912,Corpus Christi,TX,78418.0
91886,5411,Keyes,CA,95328.0
91925,5651,Stanford,KY,40484.0
92029,8043,Fort Wayne,IN,46808.0
92070,5533,Bellevue,WA,98007.0
92176,5411,Manassas,VA,20110.0
92371,6300,Stanford,KY,40484.0
92406,5300,Fort Wayne,IN,46807.0
92782,5812,Saint Louis,MO,63131.0
92822,3395,Louisville,KY,40299.0
92822,3395,Church Hill,TN,37642.0
92822,3395,Lakewood,NJ,8701.0
92822,3395,Chatsworth,CA,91311.0
92822,3395,Bend,OR,97702.0
92822,3395,Sparta,TN,38583.0
92822,3395,Downsville,LA,71234.0
92822,3395,Littleton,CO,80128.0
92822,3395,Miami,FL,33175.0
92822,3395,Orlando,FL,32835.0
92822,3395,Brookland,AR,72417.0
92822,3395,Marietta,GA,30066.0
92822,3395,Carteret,NJ,7008.0
92822,3395,Lexington,KY,40517.0
92822,3395,Middletown,NY,10940.0
92822,3395,Alsip,IL,60803.0
92836,4900,Leeds,AL,35094.0
92863,5661,Mission,TX,78572.0
92883,5812,Cheyenne,WY,82009.0
92883,5812,Norcross,GA,30010.0
92883,5812,Lake Stevens,WA,98258.0
93035,7538,Orlando,FL,32809.0
93106,4900,Seattle,WA,98121.0
93271,5411,Atlanta,GA,30336.0
93305,5812,Paintsville,KY,41240.0
93409,5651,Federal Way,WA,98003.0
93487,5411,Minneapolis,MN,55445.0
93810,7996,Matteson,IL,60443.0
93895,7538,Saint George,UT,84770.0
93952,5921,West Covina,CA,91790.0
93983,7832,Miami,FL,33175.0
94089,5921,Buhl,ID,83316.0
94123,5310,Bronx,NY,10467.0
94123,5310,Miami,FL,33178.0
94140,5912,Buhl,ID,83316.0
94212,7996,ONLINE,,
94226,8931,Bronx,NY,10460.0
94267,5912,Jonesboro,AR,72404.0
94294,5921,Wyandotte,MI,48192.0
94344,5812,Orlando,FL,32809.0
94625,5661,Austin,KY,42123.0
94625,5661,Roma,TX,78584.0
94625,5661,Seattle,WA,98102.0
94901,6300,ONLINE,,
94989,5661,ONLINE,,
95238,5812,Somerset,KY,42501.0
95365,5912,Charleston,SC,29403.0
95676,3144,Alvaton,KY,42122.0
95690,4131,Rio Grande City,TX,78582.0
95826,3006,Lake Linden,MI,49945.0
95855,7538,Saint Louis,MO,63131.0
95855,7538,Bronx,NY,10460.0
95855,7538,Tacoma,WA,98402.0
95855,7538,Orlando,FL,32817.0
95958,5812,Seattle,WA,98155.0
96008,5921,Warner Robins,GA,31093.0
96049,5541,Las Vegas,NV,89183.0
96049,5541,Colonial Heights,VA,23834.0
96049,5541,Saint Louis,MO,63147.0
96052,5300,Anaheim,CA,92807.0
96225,7230,Bronx,NY,10460.0
96233,5661,Miami,FL,33175.0
96390,8021,Mission,TX,78572.0
96485,1711,Bronx,NY,10460.0
96529,4899,ONLINE,,
96557,5921,Marion,IN,46952.0
96621,5300,Hialeah,FL,33013.0
96814,8043,Federal Way,WA,98003.0
97116,5921,Seattle,WA,98121.0
97149,5912,Andover,KS,67002.0
97302,5411,Buhl,ID,83316.0
97421,5812,Indianapolis,IN,46235.0
97448,5411,Bronx,NY,10460.0
97500,5812,West Covina,CA,91790.0
97732,5912,Chattanooga,TN,37412.0
97794,5300,Louisville,KY,40228.0
98275,6300,ONLINE,,
98374,5411,Pleasureville,KY,40057.0
98374,5411,Hazard,KY,41701.0
98374,5411,Oil Springs,KY,41238.0
98374,5411,Alpine,AL,35014.0
98374,5411,Chattanooga,TN,37415.0
98374,5411,Annville,KY,40402.0
98374,5411,Gordonsville,TN,38563.0
98374,5411,Canmer,KY,42722.0
98374,5411,Stanford,KY,40484.0
98374,5411,Atlanta,GA,30368.0
98374,5411,Leeds,AL,35094.0
98436,5192,ONLINE,,
98620,8049,Miami,FL,33175.0
98648,5814,Buhl,ID,83316.0
98648,5814,Las Vegas,NV,89183.0
98648,5814,Yakima,WA,98908.0
98648,5814,San Jose,CA,95124.0
98648,5814,Winter Haven,FL,33881.0
98648,5814,San Antonio,TX,78224.0
98648,5814,Wyandotte,MI,48192.0
98648,5814,Cataldo,ID,83810.0
98648,5814,Leeds,AL,35094.0
98727,5712,Federal Way,WA,98003.0
98783,7832,Manassas,VA,20112.0
98832,5812,Wyandotte,MI,48192.0
99066,5411,Nashville,TN,37209.0
99370,5311,Mcallen,TX,78501.0
99370,5311,Federal Way,WA,98003.0
99370,5311,Delhi,India,
99370,5311,Montreal,Canada,
99370,5311,Louisville,KY,40229.0
99370,5311,Rome,Italy,
99370,5311,Midlothian,IL,60445.0
99370,5311,Saint George,UT,84790.0
99370,5311,Nacogdoches,TX,75964.0
99370,5311,ONLINE,,
99370,5311,Bolingbrook,IL,60440.0
99370,5311,Punta Gorda,FL,33955.0
99370,5311,Indianapolis,IN,46234.0
99370,5311,Mission,TX,78572.0
99373,5411,Escondido,CA,92027.0
99822,5921,San Jose,CA,95124.0
100266,7538,Dexter,OR,97431.0
100340,5812,Seattle,WA,98166.0
